{"cameraMode":{"drawMode":0,"name":"Shaded","section":"Shading Mode"},"sceneLighting":true,"audioPlay":false,"sceneViewState":{"showFog":true,"showMaterialUpdate":true,"showSkybox":true,"showFlares":true,"showImageEffects":true,"showParticleSystems":true},"in2DMode":false,"pivot":{"x":5.518004894256592,"y":-7.532503604888916,"z":-1.1006717681884766},"rotation":{"x":-0.22472526133060456,"y":-0.30354756116867068,"z":0.07386196404695511,"w":-0.9230147004127502},"size":13.608617782592774,"orthographic":false}