{"cameraMode":{"drawMode":0,"name":"Shaded","section":"Shading Mode"},"sceneLighting":false,"audioPlay":false,"sceneViewState":{"showFog":true,"showMaterialUpdate":true,"showSkybox":false,"showFlares":true,"showImageEffects":true,"showParticleSystems":true},"in2DMode":false,"pivot":{"x":0.7699999809265137,"y":-2.486694812774658,"z":-1.0499999523162842},"rotation":{"x":0.1473550796508789,"y":0.7292038202285767,"z":-0.1659756302833557,"w":0.6473264098167419},"size":4.041658401489258,"orthographic":false}